{"client_id": 0, "data": [[-0.02098455552002937, 0.028702872179343315, -0.005073383937437301, 0.0022305067941652745, -0.05924231846867223, -0.025806082083967334, 0.0062264787026568855, -0.08451273155455258, 0.03421732563494589, -0.05831166951700493], [0.028702872179343315, -0.005073383937437301, 0.0022305067941652745, -0.05924231846867223, -0.025806082083967334, 0.0062264787026568855, -0.08451273155455258, 0.03421732563494589, -0.05831166951700493, -0.0335045034895465], [-0.005073383937437301, 0.0022305067941652745, -0.05924231846867223, -0.025806082083967334, 0.0062264787026568855, -0.08451273155455258, 0.03421732563494589, -0.05831166951700493, -0.0335045034895465, -0.07374036314079892], [0.0022305067941652745, -0.05924231846867223, -0.025806082083967334, 0.0062264787026568855, -0.08451273155455258, 0.03421732563494589, -0.05831166951700493, -0.0335045034895465, -0.07374036314079892, 0.2414691426620379], [-0.05924231846867223, -0.025806082083967334, 0.0062264787026568855, -0.08451273155455258, 0.03421732563494589, -0.05831166951700493, -0.0335045034895465, -0.07374036314079892, 0.2414691426620379, -0.001794382973787899], [-0.025806082083967334, 0.0062264787026568855, -0.08451273155455258, 0.03421732563494589, -0.05831166951700493, -0.0335045034895465, -0.07374036314079892, 0.2414691426620379, -0.001794382973787899, -0.1418234836957414], [0.0062264787026568855, -0.08451273155455258, 0.03421732563494589, -0.05831166951700493, -0.0335045034895465, -0.07374036314079892, 0.2414691426620379, -0.001794382973787899, -0.1418234836957414, 0.10296397663362031], [-0.08451273155455258, 0.03421732563494589, -0.05831166951700493, -0.0335045034895465, -0.07374036314079892, 0.2414691426620379, -0.001794382973787899, -0.1418234836957414, 0.10296397663362031, -0.159788007164352], [0.03421732563494589, -0.05831166951700493, -0.0335045034895465, -0.07374036314079892, 0.2414691426620379, -0.001794382973787899, -0.1418234836957414, 0.10296397663362031, -0.159788007164352, 0.02757991297298767], [-0.05831166951700493, -0.0335045034895465, -0.07374036314079892, 0.2414691426620379, -0.001794382973787899, -0.1418234836957414, 0.10296397663362031, -0.159788007164352, 0.02757991297298767, -0.29324141531282494], [-0.0335045034895465, -0.07374036314079892, 0.2414691426620379, -0.001794382973787899, -0.1418234836957414, 0.10296397663362031, -0.159788007164352, 0.02757991297298767, -0.29324141531282494, -0.19950799189667878], [0.017633531731233186, -0.018881132795598467, 0.010867219195319737, 0.04835880482410374, -0.029487600327713297, -0.020104270236403463, 0.005228556098337155, -0.025188541787038513, -0.07881884449461564, 0.004875133822975762], [-0.018881132795598467, 0.010867219195319737, 0.04835880482410374, -0.029487600327713297, -0.020104270236403463, 0.005228556098337155, -0.025188541787038513, -0.07881884449461564, 0.004875133822975762, -0.07226189344520115], [0.010867219195319737, 0.04835880482410374, -0.029487600327713297, -0.020104270236403463, 0.005228556098337155, -0.025188541787038513, -0.07881884449461564, 0.004875133822975762, -0.07226189344520115, 0.04614784579978022], [0.04835880482410374, -0.029487600327713297, -0.020104270236403463, 0.005228556098337155, -0.025188541787038513, -0.07881884449461564, 0.004875133822975762, -0.07226189344520115, 0.04614784579978022, -0.09668256669493511], [-0.029487600327713297, -0.020104270236403463, 0.005228556098337155, -0.025188541787038513, -0.07881884449461564, 0.004875133822975762, -0.07226189344520115, 0.04614784579978022, -0.09668256669493511, 0.18913481285586087], [-0.020104270236403463, 0.005228556098337155, -0.025188541787038513, -0.07881884449461564, 0.004875133822975762, -0.07226189344520115, 0.04614784579978022, -0.09668256669493511, 0.18913481285586087, -0.10465875513505464], [0.005228556098337155, -0.025188541787038513, -0.07881884449461564, 0.004875133822975762, -0.07226189344520115, 0.04614784579978022, -0.09668256669493511, 0.18913481285586087, -0.10465875513505464, -0.042857231349070504], [-0.025188541787038513, -0.07881884449461564, 0.004875133822975762, -0.07226189344520115, 0.04614784579978022, -0.09668256669493511, 0.18913481285586087, -0.10465875513505464, -0.042857231349070504, 0.13433157433676868], [-0.07881884449461564, 0.004875133822975762, -0.07226189344520115, 0.04614784579978022, -0.09668256669493511, 0.18913481285586087, -0.10465875513505464, -0.042857231349070504, 0.13433157433676868, -0.23405043570559297], [0.004875133822975762, -0.07226189344520115, 0.04614784579978022, -0.09668256669493511, 0.18913481285586087, -0.10465875513505464, -0.042857231349070504, 0.13433157433676868, -0.23405043570559297, 0.051027354485893975], [-0.07226189344520115, 0.04614784579978022, -0.09668256669493511, 0.18913481285586087, -0.10465875513505464, -0.042857231349070504, 0.13433157433676868, -0.23405043570559297, 0.051027354485893975, 0.2902418251424014], [-0.019899406002727514, -0.017243307028447227, 0.02997344549233591, -0.04146181791952091, 0.015567621613092157, 0.003819789853361105, -0.07563746464023356, 0.26469452888365963, 0.09485012588938824, -0.305712749880203], [-0.017243307028447227, 0.02997344549233591, -0.04146181791952091, 0.015567621613092157, 0.003819789853361105, -0.07563746464023356, 0.26469452888365963, 0.09485012588938824, -0.305712749880203, 0.029524118685897587], [0.02997344549233591, -0.04146181791952091, 0.015567621613092157, 0.003819789853361105, -0.07563746464023356, 0.26469452888365963, 0.09485012588938824, -0.305712749880203, 0.029524118685897587, -0.1106478270491009], [-0.04146181791952091, 0.015567621613092157, 0.003819789853361105, -0.07563746464023356, 0.26469452888365963, 0.09485012588938824, -0.305712749880203, 0.029524118685897587, -0.1106478270491009, 0.1562192966620212], [0.015567621613092157, 0.003819789853361105, -0.07563746464023356, 0.26469452888365963, 0.09485012588938824, -0.305712749880203, 0.029524118685897587, -0.1106478270491009, 0.1562192966620212, -0.20985281047217735], [0.003819789853361105, -0.07563746464023356, 0.26469452888365963, 0.09485012588938824, -0.305712749880203, 0.029524118685897587, -0.1106478270491009, 0.1562192966620212, -0.20985281047217735, -0.02639184341075459], [-0.07563746464023356, 0.26469452888365963, 0.09485012588938824, -0.305712749880203, 0.029524118685897587, -0.1106478270491009, 0.1562192966620212, -0.20985281047217735, -0.02639184341075459, 0.1328010700232357], [0.26469452888365963, 0.09485012588938824, -0.305712749880203, 0.029524118685897587, -0.1106478270491009, 0.1562192966620212, -0.20985281047217735, -0.02639184341075459, 0.1328010700232357, 0.20079056135134607], [0.09485012588938824, -0.305712749880203, 0.029524118685897587, -0.1106478270491009, 0.1562192966620212, -0.20985281047217735, -0.02639184341075459, 0.1328010700232357, 0.20079056135134607, -0.2841615733468959], [-0.305712749880203, 0.029524118685897587, -0.1106478270491009, 0.1562192966620212, -0.20985281047217735, -0.02639184341075459, 0.1328010700232357, 0.20079056135134607, -0.2841615733468959, -0.09732447617954562], [0.029524118685897587, -0.1106478270491009, 0.1562192966620212, -0.20985281047217735, -0.02639184341075459, 0.1328010700232357, 0.20079056135134607, -0.2841615733468959, -0.09732447617954562, -0.14790140984988], [0.0019951139548431583, -0.023854987656188174, 0.0530320572187743, -0.009173399843331844, -0.06840366931025406, -0.0282874009890186, 0.044036822411199286, -0.06526812286832125, -0.10816730285903736, 0.04010009654136426], [-0.023854987656188174, 0.0530320572187743, -0.009173399843331844, -0.06840366931025406, -0.0282874009890186, 0.044036822411199286, -0.06526812286832125, -0.10816730285903736, 0.04010009654136426, 0.03746835359722031], [0.0530320572187743, -0.009173399843331844, -0.06840366931025406, -0.0282874009890186, 0.044036822411199286, -0.06526812286832125, -0.10816730285903736, 0.04010009654136426, 0.03746835359722031, -0.1290008239127181], [-0.009173399843331844, -0.06840366931025406, -0.0282874009890186, 0.044036822411199286, 