{"client_id": 1, "data": [[-0.06526812286832125, -0.10816730285903736, 0.04010009654136426, 0.03746835359722031, -0.1290008239127181, -0.10493787161615475, 0.043851563266346184, -0.37403436726733164, -0.45575028678602886, -0.2788132657341904], [-0.10816730285903736, 0.04010009654136426, 0.03746835359722031, -0.1290008239127181, -0.10493787161615475, 0.043851563266346184, -0.37403436726733164, -0.45575028678602886, -0.2788132657341904, -0.09841221190513492], [0.04010009654136426, 0.03746835359722031, -0.1290008239127181, -0.10493787161615475, 0.043851563266346184, -0.37403436726733164, -0.45575028678602886, -0.2788132657341904, -0.09841221190513492, 0.14888435628237132], [0.03746835359722031, -0.1290008239127181, -0.10493787161615475, 0.043851563266346184, -0.37403436726733164, -0.45575028678602886, -0.2788132657341904, -0.09841221190513492, 0.14888435628237132, 0.6122981990675429], [-0.013413454930623965, -0.010833735659555066, 0.016541749293991572, 0.01552857859761203, -0.0358258427962438, 0.005057982417907184, 0.04322225705956581, -0.13531797352646344, 0.05980527034880015, -0.078984764632273], [-0.010833735659555066, 0.016541749293991572, 0.01552857859761203, -0.0358258427962438, 0.005057982417907184, 0.04322225705956581, -0.13531797352646344, 0.05980527034880015, -0.078984764632273, 0.08376635110384897], [0.016541749293991572, 0.01552857859761203, -0.0358258427962438, 0.005057982417907184, 0.04322225705956581, -0.13531797352646344, 0.05980527034880015, -0.078984764632273, 0.08376635110384897, -0.13105504205815727], [0.01552857859761203, -0.0358258427962438, 0.005057982417907184, 0.04322225705956581, -0.13531797352646344, 0.05980527034880015, -0.078984764632273, 0.08376635110384897, -0.13105504205815727, -0.38845076338959533], [-0.0358258427962438, 0.005057982417907184, 0.04322225705956581, -0.13531797352646344, 0.05980527034880015, -0.078984764632273, 0.08376635110384897, -0.13105504205815727, -0.38845076338959533, -0.3434223319931546], [0.005057982417907184, 0.04322225705956581, -0.13531797352646344, 0.05980527034880015, -0.078984764632273, 0.08376635110384897, -0.13105504205815727, -0.38845076338959533, -0.3434223319931546, 0.011952373394002454], [0.04322225705956581, -0.13531797352646344, 0.05980527034880015, -0.078984764632273, 0.08376635110384897, -0.13105504205815727, -0.38845076338959533, -0.3434223319931546, 0.011952373394002454, 0.07591588264524377], [-0.13531797352646344, 0.05980527034880015, -0.078984764632273, 0.08376635110384897, -0.13105504205815727, -0.38845076338959533, -0.3434223319931546, 0.011952373394002454, 0.07591588264524377, -0.23497056957353984], [0.05980527034880015, -0.078984764632273, 0.08376635110384897, -0.13105504205815727, -0.38845076338959533, -0.3434223319931546, 0.011952373394002454, 0.07591588264524377, -0.23497056957353984, 0.158013755355595], [-0.078984764632273, 0.08376635110384897, -0.13105504205815727, -0.38845076338959533, -0.3434223319931546, 0.011952373394002454, 0.07591588264524377, -0.23497056957353984, 0.158013755355595, -0.35890204375439755], [0.08376635110384897, -0.13105504205815727, -0.38845076338959533, -0.3434223319931546, 0.011952373394002454, 0.07591588264524377, -0.23497056957353984, 0.158013755355595, -0.35890204375439755, -0.014808773155810638], [-0.13105504205815727, -0.38845076338959533, -0.3434223319931546, 0.011952373394002454, 0.07591588264524377, -0.23497056957353984, 0.158013755355595, -0.35890204375439755, -0.014808773155810638, -0.3180548828226726], [-0.38845076338959533, -0.3434223319931546, 0.011952373394002454, 0.07591588264524377, -0.23497056957353984, 0.158013755355595, -0.35890204375439755, -0.014808773155810638, -0.3180548828226726, -0.2126280267762448], [-0.3434223319931546, 0.011952373394002454, 0.07591588264524377, -0.23497056957353984, 0.158013755355595, -0.35890204375439755, -0.014808773155810638, -0.3180548828226726, -0.2126280267762448, 0.016688454391213442], [0.011952373394002454, 0.07591588264524377, -0.23497056957353984, 0.158013755355595, -0.35890204375439755, -0.014808773155810638, -0.3180548828226726, -0.2126280267762448, 0.016688454391213442, -0.3711471652609085], [0.07591588264524377, -0.23497056957353984, 0.158013755355595, -0.35890204375439755, -0.014808773155810638, -0.3180548828226726, -0.2126280267762448, 0.016688454391213442, -0.3711471652609085, -0.15057917028679146], [-0.23497056957353984, 0.158013755355595, -0.35890204375439755, -0.014808773155810638, -0.3180548828226726, -0.2126280267762448, 0.016688454391213442, -0.3711471652609085, -0.15057917028679146, 0.3489069219686287], [0.158013755355595, -0.35890204375439755, -0.014808773155810638, -0.3180548828226726, -0.2126280267762448, 0.016688454391213442, -0.3711471652609085, -0.15057917028679146, 0.3489069219686287, -0.20941936518946871], [-0.35890204375439755, -0.014808773155810638, -0.3180548828226726, -0.2126280267762448, 0.016688454391213442, -0.3711471652609085, -0.15057917028679146, 0.3489069219686287, -0.20941936518946871, 0.33212975663784505], [-0.014808773155810638, -0.3180548828226726, -0.2126280267762448, 0.016688454391213442, -0.3711471652609085, -0.15057917028679146, 0.3489069219686287, -0.20941936518946871, 0.33212975663784505, -0.4681771928283295], [-0.3180548828226726, -0.2126280267762448, 0.016688454391213442, -0.3711471652609085, -0.15057917028679146, 0.3489069219686287, -0.20941936518946871, 0.33212975663784505, -0.4681771928283295, 0.18687062684018657], [-0.2126280267762448, 0.016688454391213442, -0.3711471652609085, -0.15057917028679146, 0.3489069219686287, -0.20941936518946871, 0.33212975663784505, -0.4681771928283295, 0.18687062684018657, 0.5305681832179192], [0.016688454391213442, -0.3711471652609085, -0.15057917028679146, 0.3489069219686287, -0.20941936518946871, 0.33212975663784505, -0.4681771928283295, 0.18687062684018657, 0.5305681832179192, -0.8388515628525304], [-0.3711471652609085, -0.15057917028679146, 0.3489069219686287, -0.20941936518946871, 0.33212975663784505, -0.4681771928283295, 0.18687062684018657, 0.5305681832179192, -0.8388515628525304, -0.3051143824277655], [-0.15057917028679146, 0.3489069219686287, -0.20941936518946871, 0.33212975663784505, -0.4681771928283295, 0.18687062684018657, 0.5305681832179192, -0.8388515628525304, -0.3051143824277655, 0.24081903380771694], [0.3489069219686287, -0.20941936518946871, 0.33212975663784505, -0.4681771928283295, 0.18687062684018657, 0.5305681832179192, -0.8388515628525304, -0.3051143824277655, 0.24081903380771694, -0.08031365660440427], [-0.20941936518946871, 0.33212975663784505, -0.4681771928283295, 0.18687062684018657, 0.5305681832179192, -0.8388515628525304, -0.3051143824277655, 0.24081903380771694, -0.08031365660440427, 0.1466165886586814], [0.33212975663784505, -0.4681771928283295, 0.18687062684018657, 0.5305681832179192, -0.8388515628525304, -0.3051143824277655, 0.24081903380771694, -0.08031365660440427, 0.1466165886586814, -0.2243270105545373], [-0.4681771928283295, 0.18687062684018657, 0.5305681832179192, -0.8388515628525304, -0.3051143824277655, 0.24081903380771694, -0.08031365660440427, 0.1466165886586814, -0.2243270105545373, 0.03381048245420767], [0.18687062684018657, 0.5305681832179192, -0.8388515628525304, -0.3051143824277655, 0.24081903380771694, -0.08031365660440427, 0.1466165886586814, -0.2243270105545373, 0.03381048245420767, -0.06950502440840084], [0.5305681832179192, -0.8388515628525304, -0.3051143824277655, 0.24081903380771694, -0.08031365660440427, 0.1466165886586814, -0.2243270105545373, 0.03381048245420767, -0.06950502440840084, 0.4934184180625162], [-0.8388515628525304, -0.3051143824277655, 0.24081903380771694, -0.08031365660440427, 0.1466165886586814, -0.2243270105545373, 0.03381048245420767, -0.06950502440840084, 0.4934184180625162, 0.11818770717514084], [-0.3051143824277655, 0.24081903380771694, -0.08031365660440427, 0.1466165886586814, -0.2243270105545373, 0.03381048245420767, -0.06950502440840084, 0.4934184180625162, 0.11818770717514084, 0.15449325351090468], [0.24081903380771694, 